Query_ID	Target_ID	Optimal_offset	p-value	E-value	q-value	Overlap	Query_consensus	Target_consensus	Orientation
TGTGASNCAGATCRC	CRP_25-83	5	3.68938e-07	3.5787e-05	6.85703e-05	15	TGTGAGGCAGATCAC	AAATTTGTGATCTAGATCACAAAAA	+
TGTGASNCAGATCRC	CRP_25-152	5	1.31894e-06	0.000127937	0.000122568	15	TGTGAGGCAGATCAC	TAAATTGTGATTCATATCACATTTT	+
TGTGASNCAGATCRC	CRP_25-12	5	5.73947e-06	0.000556729	0.000266682	15	TGTGAGGCAGATCAC	AAAAATGTGACATAGATCACATTTA	-
TGTGASNCAGATCRC	CRP_25-18	5	4.39823e-05	0.00426629	0.0016349	15	TGTGAGGCAGATCAC	GGAAATGTGATGGAGATCACATAAA	+
TGTGASNCAGATCRC	FNR_17-11	-1	0.0011375	0.110337	0.0302019	14	TGTGAGGCAGATCAC	TTGATGTAAATCAATTT	-
TGTGASNCAGATCRC	DeoR_19-5	2	0.00765625	0.742657	0.142298	15	TGTGAGGCAGATCAC	TTTGTGAGAATGCTAACAT	+
TGTGASNCAGATCRC	GlpR_20-5	2	0.0145697	1.41326	0.246173	15	TGTGAGGCAGATCAC	AATATGAGCAAAAACGAACA	+
TGTGASNCAGATCRC	GntR_18-1	2	0.0169142	1.64067	0.26197	15	TGTGAGGCAGATCAC	AATGTTACCCGTAACATA	+
TGTGASNCAGATCRC	H_NS_28-19	5	0.0290968	2.82239	0.415992	15	TGTGAGGCAGATCAC	ATTAAAATGTGAAATATAAAATAATATT	-
TGTGASNCAGATCRC	Fur_21-21	1	0.0511565	4.96218	0.633858	15	TGTGAGGCAGATCAC	TAGTAATCGAAATTACCCTCG	+
TGTGASNCAGATCRC	DnaA_10-1	-1	0.0604846	5.86701	0.638112	10	TGTGAGGCAGATCAC	TTTATCCACA	+
TGTGASNCAGATCRC	FNR_17-9	-3	0.0617998	5.99458	0.638112	12	TGTGAGGCAGATCAC	AAATGAGATCAAAAAAA	+
TGTGASNCAGATCRC	NarL_9-1	-3	0.0698885	6.77918	0.659836	9	TGTGAGGCAGATCAC	TACCCATAT	+
TGTGASNCAGATCRC	NarP_8-3	-2	0.0710041	6.8874	0.659836	8	TGTGAGGCAGATCAC	AGGGGTAT	+
TGTGASNCAGATCRC	NorR_11-0	-5	0.0843855	8.18539	0.746846	10	TGTGAGGCAGATCAC	GTCATATTGAC	-
TGTGASNCAGATCRC	Fis_26-108	5	0.097629	9.47001	0.824781	15	TGTGAGGCAGATCAC	AAAAACGTGCGAAAAATCGGCAAATT	-

# Tomtom (Motif Comparison Tool): Version 5.4.1 compiled on Aug 25 2021 at 17:37:53
# The format of this file is described at https://meme-suite.org/meme/doc/tomtom-output-format.html.
# tomtom -no-ssc -oc . -verbosity 1 -min-overlap 5 -mi 1 -dist pearson -evalue -thresh 10.0 -time 300 query_motifs db/ECOLI/SwissRegulon_e_coli.meme
