mutation_site,protein_site(actual),Total_frequency
10055: 'A->C',S1R,1
10055: 'A->G',S1G,308
10055: 'A->T',S1C,7
10056: 'G->A',S1N,225
10057: 'T->C',S1S,69
10058: 'G->T',G2C,1
10060: 'T->C',G2G,1092
10061: 'T->C',F3L,3
10061: 'T->G',F3V,61
10062: 'T->G',F3C,1
10063: 'T->C',F3F,89
10064: 'A->G',R4G,1
10065: 'G->A',R4K,168
10065: 'G->T',R4I,1
10066: 'A->C',R4S,8
10066: 'A->G',R4R,102
10066: 'A->T',R4S,1
10067: 'A->C',K5Q,12
10067: 'A->G',K5E,4
10068: 'A->C',K5T,1
10068: 'A->G',K5R,11
10069: 'A->C',K5N,3
10069: 'A->G',K5K,51
10070: 'A->C',M6L,11
10070: 'A->G',M6V,8
10070: 'A->T',M6L,5
10071: 'T->C',M6T,3
10072: 'G->A',M6I,16
10072: 'G->C',M6I,1
10072: 'G->T',M6I,25
10073: 'G->A',A7T,271
10073: 'G->T',A7S,17
10074: 'C->T',A7V,95
10075: 'A->C',A7A,29
10075: 'A->G',A7A,1507
10075: 'A->T',A7A,79
10076: 'T->C',F8L,201
10076: 'T->G',F8V,2
10077: 'T->A',F8Y,25
10077: 'T->C',F8S,3
10077: 'T->G',F8C,8
10078: 'C->A',F8L,12
10078: 'C->T',F8F,4886
10079: 'C->T',P9S,48
10081: 'A->C',P9P,16
10081: 'A->G',P9P,170
10081: 'A->T',P9P,13
10082: 'T->A',S10T,14
10082: 'T->G',S10A,2
10083: 'C->G',S10C,1
10083: 'C->T',S10F,1
10084: 'T->A',S10S,1795
10084: 'T->C',S10S,350
10084: 'T->G',S10S,215
10085: 'G->A',G11S,4
10087: 'T->C',G11G,56
10089: 'A->G',K12R,167
10090: 'A->C',K12N,1
10090: 'A->G',K12K,64
10091: 'G->A',V13I,85
10092: 'T->C',V13A,5
10093: 'T->A',V13V,75
10093: 'T->C',V13V,147
10093: 'T->G',V13V,27
10096: 'G->A',E14E,132
10096: 'G->T',E14D,1
10097: 'G->A',G15S,10120
10097: 'G->T',G15C,846
10098: 'G->A',G15D,79
10098: 'G->T',G15V,26
10099: 'T->A',G15G,1
10099: 'T->C',G15G,57
10100: 'T->A',C16S,24
10102: 'T->C',C16C,47
10103: 'A->G',M17V,255
10104: 'T->C',M17T,27
10105: 'G->A',M17I,121
10105: 'G->C',M17I,1
10105: 'G->T',M17I,806
10106: 'G->A',V18I,158
10106: 'G->T',V18L,66
10107: 'T->C',V18A,72
10108: 'A->C',V18V,1
10108: 'A->G',V18V,1518
10108: 'A->T',V18V,7
10109: 'C->A',Q19K,3
10109: 'C->G',Q19E,1
10110: 'A->G',Q19R,6
10110: 'A->T',Q19L,1
10111: 'A->C',Q19H,2
10111: 'A->G',Q19Q,46
10111: 'A->T',Q19H,1
10112: 'G->A',V20I,44
10112: 'G->T',V20L,18
10113: 'T->C',V20A,71
10114: 'A->G',V20V,47
10114: 'A->T',V20V,3
10115: 'A->G',T21A,31
10116: 'C->A',T21N,15
10116: 'C->G',T21S,4
10116: 'C->T',T21I,2354
10117: 'T->A',T21T,1
10117: 'T->C',T21T,4
10117: 'T->G',T21T,56
10118: 'T->A',C22S,1
10118: 'T->C',C22R,1
10119: 'G->A',C22Y,1
10119: 'G->C',C22S,2
10120: 'T->C',C22C,49
10121: 'G->A',G23S,244
10121: 'G->T',G23C,13
10122: 'G->A',G23D,15
10122: 'G->C',G23A,3
10122: 'G->T',G23V,156
10123: 'T->C',G23G,86
10124: 'A->G',T24A,613
10124: 'A->T',T24S,10
10125: 'C->A',T24K,1
10125: 'C->G',T24R,1
10125: 'C->T',T24I,708
10126: 'A->C',T24T,4
10126: 'A->G',T24T,75
10126: 'A->T',T24T,4
10127: 'A->C',T25P,1
10127: 'A->G',T25A,19
10128: 'C->A',T25N,3
10128: 'C->G',T25S,11
10128: 'C->T',T25I,157
10129: 'T->C',T25T,146
10129: 'T->G',T25T,1
10130: 'A->G',T26A,18
10131: 'C->T',T26I,3
10132: 'A->C',T26T,5
10132: 'A->G',T26T,16
10132: 'A->T',T26T,43
10133: 'C->T',L27F,9
10135: 'T->A',L27L,67
10135: 'T->C',L27L,138
10138: 'C->T',N28N,5489
10139: 'G->A',G29S,1
10141: 'T->A',G29G,3
10141: 'T->C',G29G,32
10141: 'T->G',G29G,1
10142: 'C->A',L30I,13
10142: 'C->G',L30V,3
10142: 'C->T',L30F,20
10144: 'T->A',L30L,1
10144: 'T->C',L30L,34
10144: 'T->G',L30L,8
10148: 'C->A',L32I,31
10148: 'C->T',L32F,4
10150: 'T->A',L32L,5
10150: 'T->C',L32L,165
10151: 'G->A',D33N,12
10151: 'G->C',D33H,2
10151: 'G->T',D33Y,79
10152: 'A->C',D33A,10
10152: 'A->G',D33G,321
10153: 'T->A',D33E,12
10153: 'T->C',D33D,610
10153: 'T->G',D33E,3
10154: 'G->A',D34N,47
10154: 'G->C',D34H,2
10154: 'G->T',D34Y,1
10155: 'A->C',D34A,2
10155: 'A->G',D34G,59
10156: 'C->A',D34E,18
10156: 'C->G',D34E,1
10156: 'C->T',D34D,6422
10157: 'G->A',V35I,317
10157: 'G->T',V35L,43
10158: 'T->C',V35A,36
10159: 'A->G',V35V,78
10159: 'A->T',V35V,16
10160: 'G->A',V36I,43
10162: 'T->A',V36V,1
10162: 'T->C',V36V,27
10162: 'T->G',V36V,11
10163: 'T->A',Y37N,6
10163: 'T->C',Y37H,84
10164: 'A->C',Y37S,1
10164: 'A->G',Y37C,33
10165: 'C->T',Y37Y,650
10166: 'T->A',C38S,6
10166: 'T->G',C38G,2
10167: 'G->T',C38F,2
10168: 'T->C',C38C,37
10171: 'A->C',P39P,4
10171: 'A->G',P39P,198
10171: 'A->T',P39P,12
10172: 'A->C',R40R,22
10173: 'G->C',R40T,1
10174: 'A->G',R40R,16
10175: 'C->T',H41Y,1
10176: 'A->T',H41L,1
10177: 'T->C',H41H,135
10177: 'T->G',H41Q,1
10178: 'G->A',V42M,2
10178: 'G->T',V42L,36
10179: 'T->C',V42A,5
10180: 'G->A',V42V,149
10180: 'G->C',V42V,17
10180: 'G->T',V42V,1360
10181: 'A->C',I43L,33
10181: 'A->G',I43V,197
10182: 'T->C',I43T,5
10183: 'C->A',I43I,72
10183: 'C->G',I43M,2
10183: 'C->T',I43I,801
10184: 'T->A',C44S,1
10186: 'C->T',C44C,3959
10187: 'A->G',T45A,22
10187: 'A->T',T45S,2
10188: 'C->A',T45N,29
10188: 'C->G',T45S,2
10188: 'C->T',T45I,831
10189: 'C->A',T45T,241
10189: 'C->G',T45T,4
10189: 'C->T',T45T,1067
10190: 'T->C',S46P,86
10190: 'T->G',S46A,15
10191: 'C->A',S46Y,21
10191: 'C->T',S46F,587
10192: 'T->A',S46S,81
10192: 'T->C',S46S,161
10192: 'T->G',S46S,19
10193: 'G->A',E47K,3958
10193: 'G->C',E47Q,9
10194: 'A->C',E47A,52
10194: 'A->G',E47G,89
10194: 'A->T',E47V,9
10195: 'A->C',E47D,15
10195: 'A->G',E47E,19943
10195: 'A->T',E47D,3884
10196: 'G->A',D48N,71
10196: 'G->T',D48Y,45
10197: 'A->C',D48A,3
10197: 'A->G',D48G,9
10198: 'C->A',D48E,8
10198: 'C->G',D48E,1
10198: 'C->T',D48D,1343
10199: 'A->C',M49L,6
10199: 'A->G',M49V,16
10199: 'A->T',M49L,1
10200: 'T->C',M49T,17
10201: 'G->A',M49I,8
10201: 'G->C',M49I,2
10201: 'G->T',M49I,554
10202: 'C->A',L50I,5
10202: 'C->G',L50V,1
10202: 'C->T',L50F,1298
10203: 'T->C',L50P,1
10203: 'T->G',L50R,4
10204: 'T->A',L50L,28
10204: 'T->C',L50L,79
10204: 'T->G',L50L,7
10205: 'A->G',N51D,4
10206: 'A->G',N51S,44
10207: 'C->A',N51K,8
10207: 'C->G',N51K,2
10207: 'C->T',N51N,1298
10208: 'C->T',P52S,16
10209: 'C->T',P52L,9
10210: 'T->A',P52P,1
10210: 'T->C',P52P,21
10211: 'A->G',N53D,9
10212: 'A->G',N53S,8
10213: 'T->C',N53N,93
10213: 'T->G',N53K,2
10216: 'T->C',Y54Y,99
10219: 'A->C',E55D,29
10219: 'A->G',E55E,117
10219: 'A->T',E55D,3
10220: 'G->A',D56N,13
10220: 'G->T',D56Y,2
10222: 'T->C',D56D,60
10223: 'T->C',L57L,15
10224: 'T->C',L57S,3
10225: 'A->G',L57L,182
10226: 'C->T',L58F,125
10228: 'C->A',L58L,33
10228: 'C->T',L58L,3422
10229: 'A->C',I59L,8
10229: 'A->G',I59V,60
10231: 'T->A',I59I,4
10231: 'T->C',I59I,30
10231: 'T->G',I59M,3
10232: 'C->G',R60G,1
10232: 'C->T',R60C,404
10233: 'G->T',R60L,738
10234: 'T->C',R60R,28
10234: 'T->G',R60R,2
10236: 'A->G',K61R,137
10237: 'G->A',K61K,35
10238: 'T->G',S62A,3
10240: 'T->C',S62S,220
10240: 'T->G',S62S,3
10243: 'T->C',N63N,277
10244: 'C->T',H64Y,32
10246: 'T->C',H64H,167
10247: 'A->G',N65D,2
10248: 'A->G',N65S,71
10249: 'T->C',N65N,292
10252: 'C->T',F66F,4468
10253: 'T->A',L67M,1
10253: 'T->C',L67L,1847
10253: 'T->G',L67V,12
10254: 'T->C',L67S,252
10254: 'T->G',L67W,1
10255: 'G->A',L67L,113
10255: 'G->C',L67F,3
10255: 'G->T',L67F,555
10256: 'G->A',V68I,84
10256: 'G->T',V68L,22
10257: 'T->C',V68A,10
10258: 'A->G',V68V,281
10258: 'A->T',V68V,5
10259: 'C->A',Q69K,5
10259: 'C->G',Q69E,9
10260: 'A->G',Q69R,156
10260: 'A->T',Q69L,6
10261: 'G->A',Q69Q,109
10261: 'G->C',Q69H,1
10261: 'G->T',Q69H,83
10262: 'G->A',A70T,133
10262: 'G->T',A70S,73
10263: 'C->A',A70D,10
10263: 'C->T',A70V,569
10264: 'T->A',A70A,49
10264: 'T->C',A70A,84
10264: 'T->G',A70A,48
10265: 'G->A',G71S,2979
10265: 'G->T',G71C,12
10266: 'G->A',G71D,83
10266: 'G->T',G71V,70
10267: 'T->C',G71G,27
10268: 'A->C',N72H,1
10268: 'A->G',N72D,4
10268: 'A->T',N72Y,9
10269: 'A->C',N72T,9
10269: 'A->G',N72S,69
10269: 'A->T',N72I,1
10270: 'T->A',N72K,6
10270: 'T->C',N72N,65
10270: 'T->G',N72K,1
10271: 'G->A',V73I,2655
10271: 'G->T',V73F,35
10272: 'T->A',V73D,1
10272: 'T->C',V73A,19
10273: 'T->A',V73V,4
10273: 'T->C',V73V,191
10273: 'T->G',V73V,60
10275: 'A->C',Q74P,9
10275: 'A->G',Q74R,4
10276: 'A->C',Q74H,25
10276: 'A->G',Q74Q,35
10277: 'C->A',L75I,346
10277: 'C->G',L75V,5
10277: 'C->T',L75F,3451
10278: 'T->A',L75H,3
10278: 'T->C',L75P,2
10278: 'T->G',L75R,9
10279: 'C->A',L75L,12
10279: 'C->G',L75L,1
10279: 'C->T',L75L,7817
10280: 'A->C',R76R,19
10281: 'G->A',R76K,41
10281: 'G->T',R76M,13
10282: 'G->A',R76R,141
10282: 'G->T',R76S,140
10283: 'G->A',V77I,165
10283: 'G->C',V77L,4
10283: 'G->T',V77F,3
10284: 'T->C',V77A,19
10285: 'T->A',V77V,1
10285: 'T->C',V77V,79
10285: 'T->G',V77V,57
10286: 'A->C',I78L,2
10286: 'A->G',I78V,681
10286: 'A->T',I78F,1
10287: 'T->A',I78N,3
10287: 'T->C',I78T,144
10287: 'T->G',I78S,115
10288: 'T->A',I78I,17
10288: 'T->C',I78I,122
10288: 'T->G',I78M,5
10291: 'A->C',G79G,132
10291: 'A->G',G79G,60
10292: 'C->A',H80N,60
10292: 'C->T',H80Y,18
10293: 'A->G',H80R,5
10294: 'T->C',H80H,52
10294: 'T->G',H80Q,1
10295: 'T->C',S81P,3
10295: 'T->G',S81A,215
10296: 'C->A',S81Y,10
10296: 'C->G',S81C,1
10296: 'C->T',S81F,515
10297: 'T->A',S81S,7
10297: 'T->C',S81S,33
10297: 'T->G',S81S,5
10298: 'A->G',M82V,9
10299: 'T->C',M82T,7
10300: 'G->A',M82I,37
10300: 'G->C',M82I,1
10300: 'G->T',M82I,280
10301: 'C->A',Q83K,687
10302: 'A->G',Q83R,9
10302: 'A->T',Q83L,31
10303: 'A->C',Q83H,10
10303: 'A->G',Q83Q,237
10303: 'A->T',Q83H,314
10304: 'A->C',N84H,23
10304: 'A->G',N84D,11
10304: 'A->T',N84Y,6
10305: 'A->C',N84T,3
10305: 'A->G',N84S,135
10305: 'A->T',N84I,2
10306: 'T->A',N84K,1
10306: 'T->C',N84N,20
10309: 'T->C',C85C,255
10310: 'G->A',V86I,207
10310: 'G->T',V86L,19
10311: 'T->A',V86E,2
10311: 'T->C',V86A,181
10312: 'A->G',V86V,38
10312: 'A->T',V86V,18
10313: 'C->A',L87I,46
10313: 'C->T',L87F,97
10315: 'T->C',L87L,97
10316: 'A->C',K88Q,1
10317: 'A->C',K88T,12
10317: 'A->G',K88R,3910
10318: 'G->A',K88K,48
10318: 'G->T',K88N,160
10319: 'C->A',L89I,2
10319: 'C->T',L89F,63258
10321: 'T->A',L89L,2
10321: 'T->C',L89L,47
10321: 'T->G',L89L,1
10322: 'A->G',K90E,1
10323: 'A->C',K90T,1
10323: 'A->G',K90R,45699
10324: 'G->A',K90K,92
10324: 'G->T',K90N,113
10325: 'G->A',V91I,63
10326: 'T->C',V91A,6
10327: 'T->A',V91V,9
10327: 'T->C',V91V,31
10328: 'G->A',D92N,61
10328: 'G->T',D92Y,10
10329: 'A->C',D92A,16
10329: 'A->G',D92G,383
10329: 'A->T',D92V,2
10330: 'T->A',D92E,11
10330: 'T->C',D92D,495
10330: 'T->G',D92E,14
10331: 'A->G',T93A,31
10331: 'A->T',T93S,4
10332: 'C->T',T93I,1199
10333: 'A->C',T93T,27
10333: 'A->G',T93T,49
10333: 'A->T',T93T,77
10334: 'G->A',A94T,160
10334: 'G->C',A94P,2
10334: 'G->T',A94S,24
10335: 'C->A',A94D,1
10335: 'C->G',A94G,1
10335: 'C->T',A94V,777
10336: 'C->A',A94A,10
10336: 'C->T',A94A,732
10337: 'A->C',N95H,3
10338: 'A->G',N95S,5
10339: 'T->C',N95N,184
10340: 'C->A',P96T,58
10340: 'C->T',P96S,2267
10341: 'C->A',P96H,82
10341: 'C->G',P96R,3
10341: 'C->T',P96L,2393
10342: 'T->A',P96P,3
10342: 'T->C',P96P,32
10342: 'T->G',P96P,1
10343: 'A->G',K97E,1
10344: 'A->C',K97T,5
10344: 'A->G',K97R,205
10344: 'A->T',K97M,2
10345: 'G->A',K97K,175
10345: 'G->T',K97N,6
10346: 'A->G',T98A,19
10346: 'A->T',T98S,7
10347: 'C->T',T98I,2
10348: 'A->G',T98T,468
10348: 'A->T',T98T,2
10349: 'C->A',P99T,13
10349: 'C->T',P99S,57
10350: 'C->T',P99L,61
10351: 'T->C',P99P,48
10353: 'A->C',K100T,133
10353: 'A->G',K100R,282
10354: 'G->A',K100K,84
10354: 'G->T',K100N,446
10355: 'T->C',Y101H,3
10356: 'A->C',Y101S,14
10356: 'A->G',Y101C,241
10357: 'T->C',Y101Y,75
10359: 'A->G',K102R,257
10360: 'G->A',K102K,417
10360: 'G->T',K102N,15
10361: 'T->A',F103I,6
10361: 'T->C',F103L,1
10361: 'T->G',F103V,1
10362: 'T->A',F103Y,1
10362: 'T->C',F103S,5
10362: 'T->G',F103C,16
10363: 'T->A',F103L,12
10363: 'T->C',F103F,88
10363: 'T->G',F103L,1
10364: 'G->A',V104I,228
10364: 'G->C',V104L,1
10364: 'G->T',V104F,171
10365: 'T->C',V104A,33
10365: 'T->G',V104G,2
10366: 'T->A',V104V,6
10366: 'T->C',V104V,91
10366: 'T->G',V104V,22
10367: 'C->T',R105C,1
10368: 'G->A',R105H,179
10369: 'C->A',R105R,45
10369: 'C->G',R105R,1
10369: 'C->T',R105R,9897
10370: 'A->C',I106L,2
10370: 'A->G',I106V,76
10370: 'A->T',I106F,44
10371: 'T->C',I106T,22
10371: 'T->G',I106S,42
10372: 'T->A',I106I,2
10372: 'T->C',I106I,188
10372: 'T->G',I106M,4
10373: 'C->A',Q107K,1
10374: 'A->G',Q107R,34
10375: 'A->G',Q107Q,177
10375: 'A->T',Q107H,4
10376: 'C->A',P108T,40
10376: 'C->G',P108A,3
10376: 'C->T',P108S,5530
10377: 'C->A',P108Q,114
10377: 'C->T',P108L,1306
10378: 'A->C',P108P,7
10378: 'A->G',P108P,56
10378: 'A->T',P108P,22
10379: 'G->A',G109R,54
10381: 'A->C',G109G,2
10381: 'A->G',G109G,48
10382: 'C->A',Q110K,6
10384: 'G->A',Q110Q,340
10384: 'G->C',Q110H,7
10384: 'G->T',Q110H,49
10385: 'A->G',T111A,2
10386: 'C->A',T111N,1
10386: 'C->G',T111S,1
10387: 'T->A',T111T,25
10387: 'T->C',T111T,182
10387: 'T->G',T111T,19
10388: 'T->C',F112L,192
10390: 'T->C',F112F,17
10390: 'T->G',F112L,5
10391: 'T->A',S113T,5
10391: 'T->G',S113A,6
10393: 'A->C',S113S,16
10393: 'A->G',S113S,76
10393: 'A->T',S113S,6
10394: 'G->A',V114M,18
10394: 'G->T',V114L,87
10395: 'T->C',V114A,14
10395: 'T->G',V114G,2
10396: 'G->A',V114V,60
10396: 'G->C',V114V,47
10396: 'G->T',V114V,9014
10397: 'T->C',L115L,20
10397: 'T->G',L115V,1
10399: 'A->G',L115L,884
10400: 'G->A',A116T,60
10400: 'G->T',A116S,10
10401: 'C->T',A116V,643
10402: 'T->A',A116A,2
10402: 'T->C',A116A,61
10402: 'T->G',A116A,12
10403: 'T->A',C117S,4
10404: 'G->C',C117S,1
10405: 'T->C',C117C,103
10407: 'A->G',Y118C,1
10408: 'C->T',Y118Y,1205
10409: 'A->G',N119D,15
10410: 'A->C',N119T,12
10410: 'A->G',N119S,78
10411: 'T->C',N119N,191
10412: 'G->A',G120S,112
10413: 'G->A',G120D,3
10414: 'T->C',G120G,17
10414: 'T->G',G120G,1
10415: 'T->A',S121T,5
10415: 'T->G',S121A,7
10416: 'C->T',S121L,429
10417: 'A->G',S121S,129
10417: 'A->T',S121S,128
10418: 'C->T',P122S,38
10419: 'C->G',P122R,2
10419: 'C->T',P122L,1
10420: 'A->C',P122P,4
10420: 'A->G',P122P,91
10420: 'A->T',P122P,6
10421: 'T->C',S123P,2
10421: 'T->G',S123A,10
10422: 'C->A',S123Y,4
10422: 'C->G',S123C,5
10422: 'C->T',S123F,37
10423: 'T->A',S123S,3
10423: 'T->C',S123S,273
10423: 'T->G',S123S,16
10424: 'G->A',G124S,2
10426: 'T->A',G124G,2
10426: 'T->C',G124G,16
10427: 'G->A',V125I,128
10427: 'G->C',V125L,2
10428: 'T->C',V125A,3
10429: 'T->A',V125V,2
10429: 'T->C',V125V,28
10429: 'T->G',V125V,8
10431: 'A->G',Y126C,3
10432: 'C->T',Y126Y,303
10434: 'A->C',Q127P,1
10435: 'A->C',Q127H,12
10435: 'A->G',Q127Q,59
10435: 'A->T',Q127H,1
10436: 'T->A',C128S,17
10437: 'G->A',C128Y,1
10438: 'T->C',C128C,31
10439: 'G->A',A129T,10
10439: 'G->T',A129S,4
10440: 'C->T',A129V,2185
10441: 'T->A',A129A,3
10441: 'T->C',A129A,33
10442: 'A->G',M130V,24
10442: 'A->T',M130L,1
10443: 'T->G',M130R,4
10444: 'G->A',M130I,25
10444: 'G->T',M130I,92
10445: 'A->C',R131R,55
10446: 'G->A',R131K,3
10446: 'G->T',R131M,2
10447: 'G->A',R131R,359
10448: 'C->A',P132T,15
10448: 'C->G',P132A,23
10448: 'C->T',P132S,2524
10449: 'C->A',P132H,186
10449: 'C->T',P132L,2776
10450: 'C->A',P132P,27
10450: 'C->T',P132P,4202
10452: 'A->G',N133S,1
10453: 'T->C',N133N,427
10454: 'T->A',F134I,31
10454: 'T->C',F134L,9
10455: 'T->A',F134Y,4
10455: 'T->C',F134S,21
10455: 'T->G',F134C,44
10456: 'C->A',F134L,9
10456: 'C->G',F134L,1
10456: 'C->T',F134F,2569
10458: 'C->G',T135S,2
10458: 'C->T',T135I,614
10459: 'T->A',T135T,4
10459: 'T->C',T135T,27
10459: 'T->G',T135T,6
10460: 'A->G',I136V,24
10460: 'A->T',I136F,3
10461: 'T->C',I136T,5
10462: 'T->A',I136I,1
10462: 'T->C',I136I,24
10463: 'A->C',K137Q,1
10464: 'A->T',K137M,37
10465: 'G->A',K137K,307
10466: 'G->A',G138S,2
10468: 'T->C',G138G,53
10469: 'T->G',S139A,2
10471: 'A->C',S139S,124
10471: 'A->G',S139S,297
10471: 'A->T',S139S,29
10474: 'C->T',F140F,622
10475: 'C->A',L141I,1
10475: 'C->T',L141F,3
10477: 'T->A',L141L,24
10477: 'T->C',L141L,4
10478: 'A->C',N142H,10
10478: 'A->G',N142D,16
10479: 'A->G',N142S,40
10479: 'A->T',N142I,10
10480: 'T->C',N142N,698
10481: 'G->A',G143S,4
10483: 'T->C',G143G,16
10484: 'T->G',S144A,3
10485: 'C->T',S144L,1
10486: 'A->C',S144S,44
10486: 'A->G',S144S,270
10486: 'A->T',S144S,7
10487: 'T->A',C145S,2
10488: 'G->A',C145Y,3
10488: 'G->T',C145F,1
10489: 'T->C',C145C,69
10492: 'T->C',G146G,8
10493: 'A->G',S147G,1
10493: 'A->T',S147C,1
10495: 'T->C',S147S,24
10496: 'G->A',V148I,75
10496: 'G->T',V148F,1
10497: 'T->C',V148A,17
10498: 'T->A',V148V,12
10498: 'T->C',V148V,24
10498: 'T->G',V148V,2
10501: 'T->C',G149G,18
10501: 'T->G',G149G,8
10504: 'T->C',F150F,65
10505: 'A->C',N151H,1
10505: 'A->G',N151D,15
10505: 'A->T',N151Y,14
10506: 'A->C',N151T,1
10506: 'A->G',N151S,7
10506: 'A->T',N151I,1
10507: 'C->T',N151N,7506
10508: 'A->G',I152V,14
10509: 'T->C',I152T,38
10510: 'A->G',I152M,7
10510: 'A->T',I152I,2
10511: 'G->A',D153N,3
10512: 'A->G',D153G,127
10513: 'T->C',D153D,139
10513: 'T->G',D153E,4
10514: 'T->C',Y154H,1
10515: 'A->G',Y154C,4
10516: 'T->C',Y154Y,138
10517: 'G->A',D155N,56
10517: 'G->C',D155H,8
10517: 'G->T',D155Y,3
10518: 'A->C',D155A,4
10518: 'A->G',D155G,18
10519: 'C->A',D155E,20
10519: 'C->G',D155E,2
10520: 'T->A',C156S,1
10520: 'T->C',C156R,30
10520: 'T->G',C156G,10
10521: 'G->A',C156Y,126
10521: 'G->T',C156F,169
10522: 'T->C',C156C,71
10522: 'T->G',C156W,2
10523: 'G->A',V157I,101
10523: 'G->C',V157L,1348
10523: 'G->T',V157F,25
10524: 'T->C',V157A,8
10525: 'C->A',V157V,46
10525: 'C->T',V157V,2174
10526: 'T->A',S158T,4
10526: 'T->G',S158A,5
10527: 'C->A',S158Y,1
10527: 'C->T',S158F,45
10528: 'T->A',S158S,5
10528: 'T->C',S158S,119
10528: 'T->G',S158S,2
10529: 'T->A',F159I,3
10529: 'T->C',F159L,76
10530: 'T->C',F159S,1
10531: 'T->C',F159F,30
10531: 'T->G',F159L,1
10532: 'T->A',C160S,12
10533: 'G->A',C160Y,158
10533: 'G->T',C160F,2971
10534: 'T->C',C160C,28
10537: 'C->T',Y161Y,2490
10538: 'A->C',M162L,5
10538: 'A->G',M162V,25
10538: 'A->T',M162L,1
10539: 'T->C',M162T,1
10540: 'G->A',M162I,47
10540: 'G->C',M162I,2
10540: 'G->T',M162I,593
10543: 'C->T',H163H,2125
10544: 'C->A',H164N,2
10544: 'C->T',H164Y,1
10546: 'T->C',H164H,83
10547: 'A->C',M165L,5
10547: 'A->G',M165V,1
10548: 'T->A',M165K,1
10549: 'G->A',M165I,1
10549: 'G->C',M165I,1
10549: 'G->T',M165I,23
10551: 'A->G',E166G,2
10552: 'A->G',E166E,323
10553: 'T->A',L167I,1
10553: 'T->C',L167L,82
10555: 'A->G',L167L,31
10556: 'C->A',P168T,1
10556: 'C->G',P168A,3
10556: 'C->T',P168S,93
10557: 'C->G',P168R,1
10557: 'C->T',P168L,1
10558: 'A->C',P168P,2
10558: 'A->G',P168P,55
10558: 'A->T',P168P,22
10559: 'A->C',T169P,1
10559: 'A->G',T169A,8
10559: 'A->T',T169S,1
10560: 'C->T',T169I,108
10561: 'T->A',T169T,35
10561: 'T->C',T169T,107
10561: 'T->G',T169T,7
10562: 'G->A',G170R,6
10563: 'G->C',G170A,1
10563: 'G->T',G170V,9
10564: 'A->C',G170G,6
10564: 'A->G',G170G,74
10564: 'A->T',G170G,2
10565: 'G->A',V171I,205
10565: 'G->C',V171L,15
10565: 'G->T',V171F,9
10566: 'T->C',V171A,1
10567: 'T->A',V171V,3
10567: 'T->C',V171V,65
10567: 'T->G',V171V,79
10568: 'C->T',H172Y,1
10570: 'T->C',H172H,111
10571: 'G->A',A173T,39
10571: 'G->T',A173S,26
10572: 'C->A',A173D,2
10572: 'C->G',A173G,1
10572: 'C->T',A173V,47
10573: 'T->A',A173A,80
10573: 'T->C',A173A,73
10573: 'T->G',A173A,40
10576: 'C->A',G174G,1
10576: 'C->T',G174G,505
10577: 'A->T',T175S,6
10578: 'C->T',T175I,2
10579: 'A->G',T175T,70
10579: 'A->T',T175T,83
10582: 'C->T',D176D,4455
10583: 'T->A',L177I,6
10583: 'T->C',L177L,29
10583: 'T->G',L177V,8
10585: 'A->G',L177L,168
10585: 'A->T',L177F,1
10587: 'A->C',E178A,32
10587: 'A->G',E178G,18
10588: 'A->C',E178D,23
10588: 'A->G',E178E,42
10588: 'A->T',E178D,5
10589: 'G->T',G179C,1
10591: 'T->C',G179G,204
10592: 'A->C',N180H,5
10592: 'A->G',N180D,78
10592: 'A->T',N180Y,5
10593: 'A->C',N180T,5
10593: 'A->G',N180S,8
10594: 'C->A',N180K,32
10594: 'C->G',N180K,16
10594: 'C->T',N180N,1228
10595: 'T->C',F181L,1
10597: 'T->C',F181F,64
10600: 'T->C',Y182Y,259
10601: 'G->A',G183R,1
10603: 'A->G',G183G,70
10604: 'C->A',P184T,23
10604: 'C->T',P184S,721
10605: 'C->A',P184H,1248
10605: 'C->G',P184R,1
10605: 'C->T',P184L,642
10606: 'T->C',P184P,49
10606: 'T->G',P184P,21
10609: 'T->C',F185F,64
10610: 'G->A',V186I,91
10610: 'G->T',V186F,821
10611: 'T->C',V186A,15
10612: 'T->A',V186V,140
10612: 'T->C',V186V,50
10612: 'T->G',V186V,14
10615: 'C->T',D187D,5004
10616: 'A->C',R188R,32
10616: 'A->G',R188G,1
10617: 'G->A',R188K,84
10617: 'G->T',R188M,2
10618: 'G->A',R188R,252
10618: 'G->T',R188S,29
10619: 'C->A',Q189K,8
10620: 'A->T',Q189L,1
10621: 'A->C',Q189H,2
10621: 'A->G',Q189Q,155
10622: 'A->G',T190A,7
10623: 'C->T',T190I,702
10624: 'A->C',T190T,7
10624: 'A->G',T190T,31
10624: 'A->T',T190T,4
10625: 'G->A',A191T,189
10625: 'G->T',A191S,28
10626: 'C->G',A191G,3
10626: 'C->T',A191V,2184
10627: 'A->C',A191A,6
10627: 'A->G',A191A,160
10627: 'A->T',A191A,23
10629: 'A->T',Q192L,1
10630: 'A->G',Q192Q,55
10631: 'G->A',A193T,365
10631: 'G->C',A193P,4
10631: 'G->T',A193S,66
10632: 'C->T',A193V,906
10633: 'A->C',A193A,7
10633: 'A->G',A193A,66
10633: 'A->T',A193A,98
10634: 'G->A',A194T,28
10634: 'G->T',A194S,120
10635: 'C->T',A194V,61
10636: 'T->A',A194A,85
10636: 'T->C',A194A,200
10636: 'T->G',A194A,65
10637: 'G->A',G195S,57
10637: 'G->T',G195C,7
10638: 'G->A',G195D,17
10638: 'G->C',G195A,2
10639: 'T->A',G195G,12
10639: 'T->C',G195G,66
10639: 'T->G',G195G,5
10640: 'A->G',T196A,48
10641: 'C->T',T196M,2485
10642: 'G->A',T196T,358
10642: 'G->C',T196T,8
10642: 'G->T',T196T,4169
10643: 'G->A',D197N,72
10643: 'G->T',D197Y,4
10645: 'C->A',D197E,3
10645: 'C->G',D197E,1
10645: 'C->T',D197D,870
10646: 'A->G',T198A,688
10646: 'A->T',T198S,13
10647: 'C->A',T198K,1
10647: 'C->T',T198I,314
10648: 'A->G',T198T,27
10648: 'A->T',T198T,2
10649: 'A->C',T199P,4
10649: 'A->G',T199A,180
10650: 'C->A',T199N,22
10650: 'C->T',T199I,271
10651: 'T->C',T199T,11
10652: 'A->G',I200V,10
10653: 'T->C',I200T,1
10654: 'T->A',I200I,4
10654: 'T->C',I200I,106
10654: 'T->G',I200M,1
10655: 'A->G',T201A,9
10657: 'A->C',T201T,2
10657: 'A->G',T201T,743
10657: 'A->T',T201T,13
10658: 'G->A',V202I,47
10658: 'G->C',V202L,1
10658: 'G->T',V202F,12
10659: 'T->C',V202A,6
10660: 'T->C',V202V,74
10660: 'T->G',V202V,1
10661: 'A->T',N203Y,4
10662: 'A->C',N203T,4
10662: 'A->T',N203I,1
10663: 'T->C',N203N,87
10664: 'G->A',V204I,51
10664: 'G->C',V204L,1
10664: 'G->T',V204F,1
10665: 'T->A',V204D,5
10665: 'T->C',V204A,36
10665: 'T->G',V204G,1
10666: 'T->C',V204V,102
10666: 'T->G',V204V,1
10667: 'T->A',L205I,4
10667: 'T->C',L205L,8
10667: 'T->G',L205V,4228
10669: 'A->G',L205L,53
10670: 'G->T',A206S,12
10671: 'C->T',A206V,1
10672: 'T->A',A206A,1
10672: 'T->C',A206A,22
10672: 'T->G',A206A,136
10675: 'G->T',W207C,2
10676: 'T->C',L208L,14
10678: 'G->A',L208L,169
10678: 'G->C',L208F,1
10678: 'G->T',L208F,7
10679: 'T->C',Y209H,59
10680: 'A->T',Y209F,2
10681: 'C->T',Y209Y,2619
10682: 'G->A',A210T,1
10682: 'G->C',A210P,1
10682: 'G->T',A210S,2
10683: 'C->T',A210V,5
10684: 'T->A',A210A,26
10684: 'T->C',A210A,71
10684: 'T->G',A210A,2
10685: 'G->T',A211S,9
10687: 'T->A',A211A,38
10687: 'T->C',A211A,203
10687: 'T->G',A211A,1
10688: 'G->A',V212I,331
10688: 'G->C',V212L,1
10688: 'G->T',V212F,2501
10689: 'T->C',V212A,48
10689: 'T->G',V212G,1
10690: 'T->C',V212V,31
10691: 'A->C',I213L,1
10691: 'A->G',I213V,1561
10691: 'A->T',I213L,9
10692: 'T->A',I213K,3
10692: 'T->C',I213T,154
10693: 'A->C',I213I,3
10693: 'A->G',I213M,20
10693: 'A->T',I213I,12
10694: 'A->G',N214D,4
10695: 'A->C',N214T,2
10695: 'A->G',N214S,2
10696: 'T->A',N214K,2
10696: 'T->C',N214N,111
10697: 'G->A',G215R,63
10698: 'G->A',G215E,12
10698: 'G->C',G215A,8
10699: 'A->C',G215G,34
10699: 'A->G',G215G,115
10699: 'A->T',G215G,3
10700: 'G->A',D216N,29
10700: 'G->C',D216H,31
10700: 'G->T',D216Y,1
10701: 'A->G',D216G,2
10701: 'A->T',D216V,1
10702: 'C->A',D216E,8
10702: 'C->T',D216D,5291
10703: 'A->C',R217R,8
10703: 'A->G',R217G,23
10703: 'A->T',R217W,1
10704: 'G->A',R217K,28
10704: 'G->C',R217T,2
10704: 'G->T',R217M,38
10705: 'G->A',R217R,108
10705: 'G->T',R217S,401
10706: 'T->C',W218R,2
10706: 'T->G',W218G,3
10707: 'G->C',W218S,2
10707: 'G->T',W218L,1
10708: 'G->T',W218C,2
10709: 'T->C',F219L,1
10709: 'T->G',F219V,4
10711: 'T->C',F219F,43
10712: 'C->A',L220I,46
10712: 'C->G',L220V,1
10712: 'C->T',L220F,1739
10713: 'T->A',L220H,3
10713: 'T->G',L220R,9
10714: 'C->A',L220L,2
10714: 'C->G',L220L,2
10714: 'C->T',L220L,894
10715: 'A->C',N221H,218
10715: 'A->G',N221D,3
10715: 'A->T',N221Y,4
10716: 'A->C',N221T,4
10716: 'A->G',N221S,1103
10717: 'T->A',N221K,1
10717: 'T->C',N221N,322
10717: 'T->G',N221K,8
10718: 'C->A',R222R,31
10718: 'C->G',R222G,1
10719: 'G->A',R222Q,75
10719: 'G->C',R222P,9
10719: 'G->T',R222L,34
10720: 'A->C',R222R,36
10720: 'A->G',R222R,166
10720: 'A->T',R222R,2
10721: 'T->A',F223I,10
10721: 'T->C',F223L,164
10721: 'T->G',F223V,330
10722: 'T->A',F223Y,5
10722: 'T->C',F223S,39
10722: 'T->G',F223C,4
10723: 'T->A',F223L,34
10723: 'T->C',F223F,64
10723: 'T->G',F223L,1
10724: 'A->G',T224A,65
10724: 'A->T',T224S,2
10725: 'C->A',T224N,19
10725: 'C->T',T224I,102
10726: 'C->A',T224T,54
10726: 'C->T',T224T,657
10727: 'A->G',T225A,13
10727: 'A->T',T225S,10
10728: 'C->T',T225I,1290
10729: 'A->G',T225T,407
10729: 'A->T',T225T,1
10730: 'A->C',T226P,5
10730: 'A->G',T226A,8
10730: 'A->T',T226S,268
10731: 'C->A',T226N,32
10731: 'C->T',T226I,28
10732: 'T->A',T226T,3
10732: 'T->C',T226T,94
10732: 'T->G',T226T,6
10733: 'C->A',L227I,38
10733: 'C->G',L227V,1
10733: 'C->T',L227F,515
10734: 'T->C',L227P,45
10734: 'T->G',L227R,45
10735: 'T->A',L227L,36
10735: 'T->C',L227L,25
10736: 'A->T',N228Y,5
10737: 'A->C',N228T,6
10737: 'A->G',N228S,157
10738: 'T->A',N228K,29
10738: 'T->C',N228N,384
10738: 'T->G',N228K,8
10739: 'G->A',D229N,1
10739: 'G->T',D229Y,1
10741: 'C->A',D229E,34
10741: 'C->G',D229E,1
10741: 'C->T',D229D,5750
10742: 'T->A',F230I,1
10742: 'T->C',F230L,4
10744: 'T->C',F230F,393
10747: 'C->T',N231N,3848
10748: 'C->A',L232I,99
10748: 'C->T',L232F,412
10749: 'T->G',L232R,1
10750: 'T->A',L232L,4
10750: 'T->C',L232L,297
10750: 'T->G',L232L,2
10751: 'G->A',V233M,244
10751: 'G->T',V233L,9
10752: 'T->A',V233E,11
10752: 'T->C',V233A,62
10753: 'G->A',V233V,96
10753: 'G->C',V233V,1
10753: 'G->T',V233V,599
10754: 'G->A',A234T,227
10754: 'G->T',A234S,55
10755: 'C->T',A234V,1289
10756: 'T->A',A234A,1
10756: 'T->C',A234A,39
10756: 'T->G',A234A,4
10757: 'A->G',M235V,2
10759: 'G->A',M235I,13
10759: 'G->C',M235I,3
10759: 'G->T',M235I,167
10760: 'A->G',K236E,1
10761: 'A->G',K236R,1150
10761: 'A->T',K236M,1
10762: 'G->A',K236K,23
10762: 'G->T',K236N,2
10763: 'T->C',Y237H,10
10764: 'A->C',Y237S,142
10764: 'A->G',Y237C,44
10764: 'A->T',Y237F,3
10765: 'C->T',Y237Y,820
10766: 'A->G',N238D,1
10766: 'A->T',N238Y,7
10767: 'A->C',N238T,42
10767: 'A->G',N238S,23
10767: 'A->T',N238I,1
10768: 'T->C',N238N,41
10769: 'T->C',Y239H,15
10770: 'A->G',Y239C,377
10771: 'T->C',Y239Y,446
10773: 'A->C',E240A,3
10773: 'A->G',E240G,1
10774: 'A->G',E240E,29
10775: 'C->A',P241T,18
10775: 'C->T',P241S,2675
10776: 'C->A',P241H,320
10776: 'C->T',P241L,2009
10777: 'T->A',P241P,9
10777: 'T->C',P241P,73
10777: 'T->G',P241P,13
10778: 'C->A',L242I,9
10778: 'C->G',L242V,1
10778: 'C->T',L242L,388
10779: 'T->C',L242P,1
10779: 'T->G',L242R,1
10780: 'A->G',L242L,43
10780: 'A->T',L242L,9
10781: 'A->G',T243A,31
10782: 'C->A',T243K,2
10782: 'C->T',T243I,165
10783: 'A->C',T243T,1
10783: 'A->G',T243T,148
10784: 'C->A',Q244K,4
10784: 'C->G',Q244E,1
10785: 'A->G',Q244R,25
10785: 'A->T',Q244L,2
10786: 'A->C',Q244H,2
10786: 'A->G',Q244Q,176
10786: 'A->T',Q244H,5
10787: 'G->A',D245N,35
10787: 'G->T',D245Y,3
10788: 'A->C',D245A,2
10788: 'A->G',D245G,1
10788: 'A->T',D245V,3
10789: 'C->A',D245E,3
10789: 'C->T',D245D,3560
10790: 'C->A',H246N,23
10790: 'C->G',H246D,27
10790: 'C->T',H246Y,1766
10791: 'A->G',H246R,46
10791: 'A->T',H246L,7
10792: 'T->A',H246Q,4
10792: 'T->C',H246H,115
10792: 'T->G',H246Q,1
10793: 'G->A',V247I,243
10793: 'G->C',V247L,4
10793: 'G->T',V247F,1180
10794: 'T->C',V247A,20
10795: 'T->A',V247V,40
10795: 'T->C',V247V,122
10795: 'T->G',V247V,2
10796: 'G->A',D248N,18
10796: 'G->C',D248H,2
10796: 'G->T',D248Y,11
10797: 'A->C',D248A,5
10797: 'A->G',D248G,4
10798: 'C->A',D248E,489
10798: 'C->T',D248D,1446
10799: 'A->C',I249L,7
10799: 'A->G',I249V,54
10800: 'T->C',I249T,212
10800: 'T->G',I249R,9
10801: 'A->G',I249M,2
10801: 'A->T',I249I,2
10802: 'C->A',L250I,6
10802: 'C->T',L250L,1025
10803: 'T->C',L250P,1
10804: 'A->G',L250L,75
10804: 'A->T',L250L,41
10805: 'G->A',G251R,62
10805: 'G->C',G251R,1
10806: 'G->A',G251E,11
10806: 'G->T',G251V,4
10807: 'A->C',G251G,2
10807: 'A->G',G251G,12
10808: 'C->A',P252T,12
10808: 'C->T',P252S,21
10809: 'C->A',P252H,3
10809: 'C->T',P252L,159
10810: 'T->A',P252P,36
10810: 'T->C',P252P,286
10810: 'T->G',P252P,202
10811: 'C->A',L253I,4
10811: 'C->G',L253V,3
10811: 'C->T',L253F,53
10812: 'T->A',L253H,8
10813: 'T->A',L253L,5
10813: 'T->C',L253L,54
10813: 'T->G',L253L,4
10814: 'T->A',S254T,1
10814: 'T->G',S254A,21
10815: 'C->A',S254Y,12
10815: 'C->G',S254C,5
10815: 'C->T',S254F,663
10816: 'T->A',S254S,689
10816: 'T->C',S254S,79
10816: 'T->G',S254S,12
10817: 'G->A',A255T,3
10818: 'C->T',A255V,411
10819: 'T->A',A255A,10
10819: 'T->C',A255A,203
10819: 'T->G',A255A,13
10820: 'C->G',Q256E,1
10821: 'A->G',Q256R,2
10821: 'A->T',Q256L,3
10822: 'A->G',Q256Q,44
10823: 'A->G',T257A,56
10824: 'C->G',T257S,1
10824: 'C->T',T257I,429
10825: 'T->A',T257T,53
10825: 'T->C',T257T,51
10825: 'T->G',T257T,7
10826: 'G->C',G258R,3
10827: 'G->A',G258E,1
10828: 'A->C',G258G,32
10828: 'A->G',G258G,278
10828: 'A->T',G258G,1
10829: 'A->C',I259L,1900
10829: 'A->G',I259V,90
10829: 'A->T',I259F,3
10830: 'T->C',I259T,65
10831: 'T->A',I259I,1008
10831: 'T->C',I259I,263
10831: 'T->G',I259M,10
10832: 'G->A',A260T,79
10832: 'G->T',A260S,9
10833: 'C->A',A260D,4
10833: 'C->G',A260G,3
10833: 'C->T',A260V,6539
10834: 'C->A',A260A,27
10834: 'C->G',A260A,1
10834: 'C->T',A260A,2793
10835: 'G->A',V261I,367
10835: 'G->T',V261F,157
10836: 'T->C',V261A,41
10836: 'T->G',V261G,3
10837: 'T->A',V261V,1
10837: 'T->C',V261V,29
10837: 'T->G',V261V,19
10838: 'T->A',L262I,4
10838: 'T->C',L262L,74
10838: 'T->G',L262V,7
10840: 'A->C',L262F,8
10840: 'A->G',L262L,200
10841: 'G->A',D263N,157
10841: 'G->T',D263Y,5
10842: 'A->C',D263A,46
10842: 'A->G',D263G,306
10843: 'T->C',D263D,146
10843: 'T->G',D263E,1
10844: 'A->C',M264L,4
10844: 'A->G',M264V,141
10844: 'A->T',M264L,1
10845: 'T->A',M264K,1
10846: 'G->A',M264I,39
10846: 'G->C',M264I,1
10846: 'G->T',M264I,693
10847: 'T->C',C265R,1
10847: 'T->G',C265G,2
10848: 'G->C',C265S,2
10849: 'T->C',C265C,84
10850: 'G->A',A266T,205
10850: 'G->C',A266P,1
10850: 'G->T',A266S,155
10851: 'C->T',A266V,396
10852: 'T->A',A266A,38
10852: 'T->C',A266A,95
10852: 'T->G',A266A,131
10853: 'T->G',S267A,2
10854: 'C->T',S267L,109
10855: 'A->C',S267S,61
10855: 'A->G',S267S,340
10855: 'A->T',S267S,7
10856: 'T->C',L268L,34
10858: 'A->G',L268L,12
10858: 'A->T',L268F,1
10860: 'A->G',K269R,27
10861: 'A->G',K269K,146
10862: 'G->C',E270Q,6
10863: 'A->C',E270A,18
10863: 'A->G',E270G,29
10863: 'A->T',E270V,11
10864: 'A->C',E270D,118
10864: 'A->G',E270E,84
10864: 'A->T',E270D,3
10865: 'T->A',L271I,1
10865: 'T->C',L271L,71
10865: 'T->G',L271V,4
10867: 'A->G',L271L,28
10868: 'C->A',L272M,47
10868: 'C->G',L272V,8
10868: 'C->T',L272L,2128
10869: 'T->A',L272Q,2
10870: 'G->A',L272L,280
10870: 'G->C',L272L,58
10870: 'G->T',L272L,17032
10871: 'C->A',Q273K,241
10872: 'A->C',Q273P,1
10872: 'A->G',Q273R,36
10872: 'A->T',Q273L,141
10873: 'A->C',Q273H,33
10873: 'A->G',Q273Q,128
10874: 'A->C',N274H,9
10874: 'A->G',N274D,690
10874: 'A->T',N274Y,7
10875: 'A->C',N274T,15
10875: 'A->G',N274S,1106
10875: 'A->T',N274I,3
10876: 'T->A',N274K,3
10876: 'T->C',N274N,55
10876: 'T->G',N274K,4
10877: 'G->A',G275S,87
10877: 'G->C',G275R,1
10877: 'G->T',G275C,1
10879: 'T->C',G275G,26
10880: 'A->C',M276L,160
10880: 'A->G',M276V,268
10880: 'A->T',M276L,12
10881: 'T->C',M276T,94
10882: 'G->A',M276I,57
10882: 'G->C',M276I,4
10882: 'G->T',M276I,80
10883: 'A->C',N277H,7
10883: 'A->G',N277D,32
10883: 'A->T',N277Y,7
10884: 'A->C',N277T,73
10884: 'A->G',N277S,220
10884: 'A->T',N277I,1
10885: 'T->A',N277K,10
10885: 'T->C',N277N,151
10885: 'T->G',N277K,1
10886: 'G->A',G278R,283
10886: 'G->C',G278R,1
10887: 'G->A',G278E,45
10887: 'G->T',G278V,2
10888: 'A->C',G278G,34
10888: 'A->G',G278G,43
10889: 'C->A',R279S,12
10889: 'C->T',R279C,1053
10890: 'G->A',R279H,77
10891: 'T->C',R279R,97
10891: 'T->G',R279R,6
10892: 'A->C',T280P,1
10892: 'A->G',T280A,32
10893: 'C->A',T280N,200
10893: 'C->T',T280I,275
10894: 'C->A',T280T,6
10894: 'C->G',T280T,1
10894: 'C->T',T280T,213
10895: 'A->C',I281L,2
10895: 'A->G',I281V,57
10895: 'A->T',I281L,34
10896: 'T->C',I281T,1
10897: 'A->G',I281M,8
10897: 'A->T',I281I,3
10898: 'T->C',L282L,26
10898: 'T->G',L282V,6
10899: 'T->C',L282S,4
10900: 'G->A',L282L,56
10900: 'G->T',L282F,26
10901: 'G->A',G283S,469
10901: 'G->C',G283R,58
10901: 'G->T',G283C,189
10902: 'G->A',G283D,116
10902: 'G->C',G283A,1
10903: 'T->C',G283G,19
10904: 'A->G',S284G,474
10904: 'A->T',S284C,33
10905: 'G->A',S284N,23
10905: 'G->C',S284T,1
10905: 'G->T',S284I,106
10906: 'T->C',S284S,100
10907: 'G->A',A285T,74
10907: 'G->C',A285P,2
10907: 'G->T',A285S,15
10908: 'C->A',A285D,5
10908: 'C->T',A285V,637
10909: 'T->C',A285A,35
10909: 'T->G',A285A,3
10910: 'T->A',L286I,2
10910: 'T->C',L286L,37
10912: 'A->G',L286L,525
10913: 'T->A',L287I,2
10913: 'T->C',L287L,68
10913: 'T->G',L287V,5
10915: 'A->G',L287L,87
10918: 'A->C',E288D,22
10918: 'A->G',E288E,86
10918: 'A->T',E288D,36
10919: 'G->T',D289Y,1
10921: 'T->C',D289D,113
10924: 'A->G',E290E,100
10927: 'T->C',F291F,32
10927: 'T->G',F291L,2
10928: 'A->G',T292A,10
10928: 'A->T',T292S,1
10929: 'C->T',T292I,4
10930: 'A->G',T292T,21
10930: 'A->T',T292T,5
10931: 'C->A',P293T,13
10931: 'C->T',P293S,104
10933: 'T->A',P293P,5
10933: 'T->C',P293P,105
10933: 'T->G',P293P,8
10934: 'T->A',F294I,1
10934: 'T->C',F294L,2
10935: 'T->C',F294S,2
10936: 'T->C',F294F,46
10937: 'G->T',D295Y,3
10938: 'A->T',D295V,2
10939: 'T->C',D295D,49
10940: 'G->A',V296I,1039
10940: 'G->T',V296F,1
10941: 'T->C',V296A,3
10942: 'T->A',V296V,19
10942: 'T->C',V296V,29
10943: 'G->A',V297I,1255
10943: 'G->C',V297L,1
10943: 'G->T',V297F,13
10944: 'T->C',V297A,11
10945: 'T->C',V297V,32
10946: 'A->G',R298G,127
10947: 'G->A',R298K,99
10947: 'G->C',R298T,1
10947: 'G->T',R298I,13
10948: 'A->C',R298S,44
10948: 'A->G',R298R,864
10951: 'A->G',Q299Q,84
